file,youtube_id,player,event,round,opponent,note
wc2026_ms_f,go2uajSiBnE,-,BWF World Championships 2026,F,Naraoka vs Lanier,first test footage
cm2026_ws_f,1jtiSyVSZNw,-,China Masters 2026,F,An Se Young vs Miyazaki,first test footage (women's singles)
kv_cm2026_qf_antonsen,nexZnv-ULpU,Kunlavut,China Masters 2026,QF,Anders Antonsen,
kv_wc2026_qf_lanier,bsdgjFX-nhQ,Kunlavut,BWF World Championships 2026,QF,Alex Lanier,
kv_tha2026_f_antonsen,5EYQIpDHl2Q,Kunlavut,Thailand Open 2026,F,Anders Antonsen,
kv_ae2026_sf_linchunyi,z51tRZP-1eQ,Kunlavut,All England Open 2026,SF,Lin Chun-Yi,
kv_mas2026_f_shiyuqi,EZolGSVIzmY,Kunlavut,Malaysia Open 2026,F,Shi Yu Qi,
kv_jpn2026_qf_tanaka,wjpZk-nhgk4,Kunlavut,Japan Open 2026,QF,Yushi Tanaka,
kv_ind2026_qf_lohkeanyew,CTocx8krvPs,Kunlavut,India Open 2026,QF,Loh Kean Yew,
kv_wtf2025_sf_shiyuqi,JX_mhj8aqvs,Kunlavut,World Tour Finals 2025,SF,Shi Yu Qi,
kv_wc2025_f_shiyuqi,KgH2FQwZXG0,Kunlavut,BWF World Championships 2025,F,Shi Yu Qi,
kv_den2025_qf_axelsen,nJ1sGusO7EM,Kunlavut,Denmark Open 2025,QF,Viktor Axelsen,
kv_fra2025_sf_popov,iF9QhDu3B1o,Kunlavut,French Open 2025,SF,Christo Popov,
kv_inam2025_f_christie,sJTHQTSEG3E,Kunlavut,Indonesia Masters 2025,F,Jonatan Christie,
kv_sgp2025_f_luguangzu,GEahLFBUimE,Kunlavut,Singapore Open 2025,F,Lu Guang Zu,
kv_arc2025_f_chou,P3OcTzwmqeY,Kunlavut,Arctic Open 2025,F,Chou Tien Chen,
kv_fra2024_f_shiyuqi,45PTFGJbzqw,Kunlavut,French Open 2024,F,Shi Yu Qi,
kv_ina2024_sf_antonsen,3XInaDN9ctY,Kunlavut,Indonesia Open 2024,SF,Anders Antonsen,
kv_wc2023_f_naraoka,IiJEieWxA-Q,Kunlavut,BWF World Championships 2023,F,Kodai Naraoka,
kv_ind2023_f_axelsen,wqGFPluMuXU,Kunlavut,India Open 2023,F,Viktor Axelsen,
kv_wc2022_f_axelsen,c700deh2tCs,Kunlavut,BWF World Championships 2022,F,Viktor Axelsen,
km_wc2018_f_shiyuqi,eDa8z-qifqk,Momota,BWF World Championships 2018,F,Shi Yuqi,prime (pre-2020 accident)
km_wc2019_f_antonsen,9_EXa7L64QA,Momota,BWF World Championships 2019,F,Anders Antonsen,prime
km_ae2019_f_axelsen,N99YOz_DaJ0,Momota,All England Open 2019,F,Viktor Axelsen,prime
km_wtf2019_f_ginting,-vBEdAfSX4w,Momota,World Tour Finals 2019,F,Anthony Ginting,prime; TrackNet trained on other matches from this event (not this one)
km_chn2019_f_ginting,zPAuJIkpR3k,Momota,China Open 2019,F,Anthony Ginting,prime
km_den2019_f_chenlong,aDTm72SevEE,Momota,Denmark Open 2019,F,Chen Long,prime
km_jpn2019_f_christie,PzbOoFNLCxw,Momota,Japan Open 2019,F,Jonatan Christie,prime
km_sgp2019_f_ginting,KkwNopIQkP4,Momota,Singapore Open 2019,F,Anthony Ginting,prime
km_inam2019_f_antonsen,zXRuGR7XgqY,Momota,Indonesia Masters 2019,F,Anders Antonsen,prime
km_den2018_f_chou,SYyvDrUgClc,Momota,Denmark Open 2018,F,Chou Tien Chen,prime
km_mas2018_f_leechongwei,AQN09SdyP1o,Momota,Malaysia Open 2018,F,Lee Chong Wei,prime
km_jpn2018_qf_lindan,iGDcBeztMHY,Momota,Japan Open 2018,QF,Lin Dan,prime
km_mym2020_f_axelsen,boQC4J4E1ZQ,Momota,Malaysia Masters 2020,F,Viktor Axelsen,prime; last match before the Jan 2020 accident
