match_id,player,games,note
kv_ae2026_sf_linchunyi,Lin,21-14 18-21 21-16,
kv_arc2025_f_chou,Chou,21-11 13-21 21-19,
kv_cm2026_qf_antonsen,Antonsen,18-21 21-17 21-18,
kv_den2025_qf_axelsen,Axelsen,13-21 21-12 21-18,
kv_fra2024_f_shiyuqi,Shi,22-20 21-19,
kv_fra2025_sf_popov,Popov,21-11 22-20,
kv_mas2026_f_shiyuqi,Kunlavut,23-21 6-1,Shi retired in game 2
kv_sgp2025_f_luguangzu,Kunlavut,21-6 21-10,
kv_ind2026_qf_lohkeanyew,Loh,14-21 21-15 21-17,
kv_jpn2026_qf_tanaka,Tanaka,20-22 21-16 21-18,
kv_inam2025_f_christie,Kunlavut,18-21 21-17 21-18,
kv_ind2023_f_axelsen,Kunlavut,22-20 10-21 21-12,
kv_ina2024_sf_antonsen,Antonsen,21-15 19-21 21-11,
kv_tha2026_f_antonsen,Antonsen,9-21 24-22 21-18,
kv_wc2022_f_axelsen,Axelsen,21-5 21-16,
kv_wc2023_f_naraoka,Kunlavut,19-21 21-18 21-7,
km_chn2019_f_ginting,Momota,19-21 21-17 21-19,
km_den2018_f_chou,Momota,22-20 16-21 21-15,
km_den2019_f_chenlong,Momota,21-14 21-12,
km_ae2019_f_axelsen,Momota,21-11 15-21 21-15,
